Data Source,,,,,,,,,
,,,,,,,,,
Last Updated Date,,,,,,,,,
,,,,,,,,,
Country Name,2011,2012,2013,2014,2015,2016,2017,2018,2019
Aruba,26043.1563253011,25611.1757666902,26514.8689800777,26940.2641144313,28419.2645344661,28449.7129463044,29329.0817465959,30918.483584133,31902.8098183195
Africa Eastern and Southern,1806.768777923,1773.65156828277,1736.84903789558,1725.33295941463,1554.167298753,1444.00351350532,1625.2862362582,1558.30748213078,1507.98288075295
Afghanistan,608.738855868402,653.417479124439,638.733184780223,626.512930450573,566.881132665072,523.053012101752,526.140801271383,492.090632280226,497.741429257502
Africa Western and Central,1861.38106764835,1957.91778421768,2154.15083235085,2248.31625468362,1882.26403755398,1648.76267571999,1590.27775355217,1735.37491121143,1812.44682219421
Angola,4608.15516572683,5083.82685110166,5061.34924028416,5011.98441159671,3217.33924430561,1809.70937719455,2439.37444118796,2540.50887797043,2191.34776373555
Albania,4437.14116097061,4247.63134315945,4413.06338346821,4578.63320812155,3952.80357364813,4124.05538986272,4531.03220675893,5287.66080067575,5396.2142432843
Andorra,51428.1896998835,44902.38771225,44747.7611562684,45680.5469412164,38885.5485894753,39931.2362644858,40632.2089824607,42904.8115883352,41328.6123929102
Arab World,6894.81612748884,7368.69889582195,7352.08571729643,7306.05116557365,6287.31493484329,6117.87150687726,6230.76207912376,6579.41710451234,6504.78963270487
United Arab Emirates,42078.6138125427,44386.7860789846,45729.6076756823,46865.9645983676,41525.1389031283,41054.5395699204,43063.9674770763,46722.2687183733,45376.1708381558
Argentina,12848.7391514568,13082.664325572,13080.2547323367,12334.7982453893,13789.060424772,12790.2641396135,14613.0356486571,11795.1627452798,9963.67416171662
Armenia,3462.68177840431,3643.71540108565,3833.15707396348,4017.22991449473,3666.14182210905,3679.95234740376,4041.99507105058,4391.92326991474,4828.50488626598
American Samoa,10495.3047320935,11920.0610903131,12038.8715916596,12313.9973571825,13101.5418159165,13300.8246114811,12372.8847825647,13195.9358995539,13672.576657298
Antigua and Barbuda,14774.0321811278,15136.8411091932,14977.0718321065,15451.4952444039,15985.5411386971,16449.0591470407,16803.8702340001,18133.8226008953,18730.0047966374
Australia,62609.6607161044,68078.0442283168,68198.4193446869,62558.2438786332,56758.8692027821,49918.7939327254,53954.553494614,57273.5204750079,55049.571919719
Austria,51442.2762464407,48564.9173350875,50731.1272541847,51786.3771747905,44195.8175947748,45307.5878620429,47429.1584564387,51466.5565633634,50067.5857265892
Azerbaijan,7189.81869211976,7495.86527658099,7875.34536661549,7890.84028062087,5500.50364628486,3880.6852276838,4147.1981423222,4739.7943123408,4805.75371765917
Burundi,236.451347486235,238.205945258781,241.547665709857,257.818557410131,289.359627206129,242.539527292978,244.14542219677,232.060616627711,216.972970900616
Belgium,47410.5669277464,44670.5606845101,46757.9518559598,47764.0715120833,41008.296719472,42012.6227191016,44198.4823908691,47544.9811472757,46641.7214017087
Benin,1099.4143107361,1112.56953619685,1214.29556540248,1251.50476511083,1041.65252315983,1049.82030349923,1095.27445905119,1194.43821427144,1170.8859954114
Burkina Faso,727.612474511645,733.97287958981,762.303780103138,767.371344051512,632.12668582235,665.786328598963,711.184543433623,779.202768619387,765.229560401644
Bangladesh,856.381886818701,876.818010441423,973.773904318684,1108.51495720707,1236.00439239816,1659.96249605674,1815.61026180185,1963.41249219641,2122.07839667492
Bulgaria,7857.16706984441,7430.7373804242,7687.71368243317,7912.27484371138,7078.86032298969,7570.93165511708,8381.88134621669,9447.65589681469,9874.33632625168
Bahrain,23741.5574626702,25102.726348527,25790.7303121382,25464.760097715,22795.4488576612,22867.1811196134,24349.9098701325,25415.8466249472,25869.1129129041
"Bahamas, The",26644.9265775896,28059.3936570338,26955.7889277843,28203.3556822767,29724.9533355233,29675.5358910641,30708.9870181946,31483.9788408235,32279.0113630465
Bosnia and Herzegovina,4980.90468838995,4688.34582317708,5025.24175294061,5196.97008415107,4654.60862038896,4917.26376596306,5327.39230422044,6024.49314979655,6094.72482322311
Belarus,6527.6593428786,6953.21591683101,7998.0802045456,8341.29014337961,5967.06856034227,5039.77560949445,5785.53397723676,6360.05310087258,6837.76832136779
Belize,5519.3390084833,5635.52152550234,5865.47090174488,6031.54840210944,6098.60007958976,6099.95710191497,6049.3919477765,6001.02426184093,6134.21523305713
Bermuda,97774.1620717428,98431.8651810241,99471.6388978631,98467.683993982,102005.62564189,106885.878489327,111820.581466347,113050.73688163,116153.166121638
Bolivia,2304.98246161085,2562.46678423329,2853.79716191598,3022.46288443562,2975.64881143063,3013.50270721666,3280.0082139387,3471.0069506501,3472.38083136442
Brazil,13200.5562348789,12327.5131013057,12258.5657091866,12071.4044637296,8783.2154236384,8680.73646873878,9896.71889500528,9121.02099480377,8845.32414932264
Barbados,16902.4923226589,16704.9243836827,16923.5909197623,16964.7522640211,17023.6943646321,17381.3650865426,17881.5632533033,18271.2522525099,19063.1022913841
Brunei Darussalam,46139.1075759182,46844.1973390647,43950.0454619989,41035.7771227892,30681.4339698653,26762.0350436621,28186.9867351423,31240.5017887246,30748.3092371228
Bhutan,2491.27343861368,2470.07215130703,2409.44000583608,2589.89916029556,2695.63692363803,2879.54656392589,3427.17384450869,3389.77730342702,3564.59877168289
Botswana,7080.77864262565,6392.98734736839,6436.60331866558,6844.03324966349,5869.73757890628,6411.55166556511,6705.34106165815,6947.81784114167,6691.16105313603
Central African Republic,515.209503489402,525.867504037729,352.22685487121,394.856932975083,351.879754769554,372.135456093031,414.74032227842,435.93229660798,426.408753120209
Canada,52223.696112356,52669.0899632316,52635.1749580433,50955.9983232404,43596.1355365546,42315.6037056806,45129.4292980922,46548.6384108296,46374.1527517191
Central Europe and the Baltics,13964.0938306065,13075.4026248976,13667.0354653061,14142.3187338836,12526.5930080241,12783.1808373622,14223.33867603,16078.2072646243,16349.9458268233
Switzerland,90476.7589651577,85836.2076767359,87304.3305813557,88724.9909402638,83806.4476003837,82153.0745447889,82254.3769269767,85217.3691512274,84121.9310304414
Channel Islands,,,,,,58093.9960625367,57683.8938973128,62316.2199488315,61281.3272247009
Chile,14637.7561666254,15397.7804598152,15842.15915686,14675.1508730028,13567.3572174332,13788.2400157601,15034.0584252287,15820.0333571155,14632.6903076927
China,5614.3860223103,6300.58217952904,7020.38607424065,7636.0743401587,8016.44559491162,8094.39016730811,8817.04560829162,9905.40638307759,10143.8602205959
Cote d'Ivoire,1701.7046408106,1649.3016148365,1903.05422934098,2124.01943008462,1941.58189772117,1999.19537159383,2113.34152528591,2295.54033462887,2290.78737894927
Cameroon,1497.92658476665,1433.7239284003,1559.13904919246,1631.7139850845,1399.67533591995,1426.06548113211,1479.86222187116,1594.06011023775,1538.68791249516
"Congo, Dem. Rep.",376.374981129973,412.776260544995,444.864357559096,472.266235725533,482.064568638238,456.027950583624,451.089088517319,546.212593203883,575.882781366465
"Congo, Rep.",3415.06237416639,3753.86092808102,3719.6510360643,3623.80745981756,2455.34791009784,2107.5030239722,2227.72013856074,2715.24310477161,2508.9447830009
Colombia,7392.94359956308,8096.80150977513,8263.64192942212,8167.47284156278,6228.65162186089,5936.2610216683,6449.97098726076,6782.03792033195,6436.50921529527
Comoros,1526.83263817748,1483.95155852994,1595.9898185586,1608.68787502172,1322.93677459988,1357.26622888827,1414.58668930422,1531.33781085759,1510.79732262852
Cabo Verde,3880.06920520905,3583.46172510997,3757.65995326233,3739.27827890219,3169.07890082563,3312.69674458487,3534.34357478817,3860.4548075811,3903.05031683625
Costa Rica,9137.4551007756,9971.65165576585,10633.2665504623,10737.6788811529,11529.9551730192,11899.8139833748,12118.1336248174,12383.1499522763,12669.3411549351
Caribbean small states,9967.73639620852,10464.8269752312,10560.2613939468,10730.9033921609,10484.8699626065,9805.58674802275,10101.698337451,10378.9057627899,10405.8032088903
Cuba,6106.0067919258,6467.33791422804,6814.24384354868,7117.53573456326,7683.74025365669,8055.92586780018,8543.33006731328,8831.91040872027,9139.38051005519
Curacao,19426.3264002202,19809.8223170482,19721.292182955,19623.0300713664,19361.8129630226,18944.0962772875,18938.2440965187,19119.1244887029,19220.6865793075
Cayman Islands,75435.6142199311,75466.1365462205,75685.3573693412,76610.6484563953,77295.8452934434,78858.2802552237,81255.1124569481,85231.7742542655,89846.321220347
Cyprus,32395.75390625,28910.74609375,27727.53515625,27162.322265625,23408.44140625,24605.349609375,26608.6953125,29335.046875,29420
Czechia,21871.2660754128,19870.8012123403,20133.1691431353,19890.9199056648,17829.6983223668,18575.2320271915,20636.199952435,23424.4804601855,23664.8478631108
Germany,46705.8957963353,43855.8544658618,46298.9229177341,48023.8699845462,41103.2564363768,42136.1207907991,44652.5891722719,47939.2782884504,46805.1384334439
Djibouti,1322.72625083956,1418.46085811933,2102.19794830208,2239.11453821208,2409.31190224284,2545.73879850905,2655.73321960188,2755.83829341814,2876.04366371536
Dominica,7288.49794777466,7054.87597689432,7240.67911908479,7502.12090974081,7724.04241057376,8223.04145029796,7408.09130082314,7833.19501250117,8561.58701121461
Denmark,61753.647131977,58507.5080517852,61191.1937042028,62548.9847332908,53254.8563700916,54663.9983719195,57610.0981801135,61591.9288698958,59592.9806886454
Dominican Republic,5859.381524313,6049.47158709846,6171.29512670907,6533.67091082712,6838.93674590634,7191.06970308651,7513.49798180543,7947.15933093481,8173.34469885261
Algeria,5473.28182611668,5610.73328198233,5519.77757552373,5516.22944039649,4197.41998491398,3967.20064743809,4134.93608656171,4171.79038755546,4021.9832660524
East Asia & Pacific (excluding high income),4863.6957803145,5376.65282464648,5881.99243142907,6292.35718335376,6500.07274972082,6592.55540801677,7151.33860752498,7944.81436789169,8172.02375582395
Early-demographic dividend,3274.59204789813,3375.0214245273,3373.55810925847,3440.55427521108,3227.84555073022,3278.24180138988,3498.57567723579,3493.67856383901,3521.64420581784
East Asia & Pacific,8893.52278520374,9436.83616433223,9468.66912326346,9695.92345829542,9586.06190605841,9856.58153923839,10454.5243261564,11312.9043635973,11484.4172716472
Europe & Central Asia (excluding high income),9624.48220510402,10211.1202315818,10762.5280559086,9914.02904436971,7486.32741358411,7075.87465465798,7900.5553161219,8025.1556076003,8153.19343366464
Europe & Central Asia,26146.8901000866,25096.8644191198,26100.9461445819,26348.2694899961,22588.5885741348,22411.2420796889,23688.0576571875,25276.8194439604,24892.3935494921
Ecuador,5202.65645902066,5678.45572070003,6050.3546113274,6374.6314856366,6130.58667556768,6079.08873612077,6246.40425217932,6321.34940071717,6233.25816692363
"Egypt, Arab Rep.",2645.6225349104,3059.13542779204,3088.8908340843,3196.86138078687,3370.38244716015,3331.61246134688,2439.96728439968,2531.20007864537,3017.25833578941
Euro area,40329.0910577796,37290.4268882728,38805.9055750064,39593.9621522915,34117.7241567807,34888.7416850429,36877.9622215943,39753.1249115891,38902.8247794641
Eritrea,643.790042311239,,,,,,,,
Spain,31677.9003083652,28322.9465923276,29077.1820557563,29513.6511800405,25754.36102944,26537.1594894542,28185.3213671969,30379.7211126422,29581.5185513299
Estonia,17487.8047830922,17403.2053254767,19056.0019226989,20261.0667303886,17402.0376128079,18295.3429322114,20437.765376736,23165.8494786437,23424.4847073518
Ethiopia,348.001348291465,458.550920793057,490.792478420391,557.534148360438,630.312619383054,705.617508543589,755.752644348666,758.29769449458,840.449601255171
European Union,35767.0827371472,33169.1180971754,34564.5825482831,35282.0273007264,30487.1561746619,31174.0338747893,33090.6343990218,35751.5725841052,35079.5342959551
Fragile and conflict affected situations,2118.06695089358,2310.81113599107,2338.7182999681,2428.07336146072,1890.48128048185,1742.89312142657,1805.79377110949,1852.31846301657,1919.7832508586
Finland,51148.9316365833,47708.0612784469,49892.2233632732,50327.2402902632,42801.9081167285,43814.0265056965,46412.1364777169,49987.6261584968,48629.8582283032
Fiji,4160.72119311815,4359.79240035309,4586.95521117587,5305.06443160892,5105.18961191892,5368.43349186431,5825.19966514413,6073.39457942347,5927.72420758285
France,43846.4660764798,40870.8523645734,42602.7179652667,43068.5487241739,36652.9223052178,37062.5335723829,38781.0494870836,41557.8548588876,40494.8982936276
Faroe Islands,51786.480991824,50157.0587890212,55560.1330274996,60126.1256426858,52726.6873782078,56833.9165410522,59328.2376643374,62576.8016380509,63203.7447848956
"Micronesia, Fed. Sts.",2885.44124871393,3023.58544607879,2920.70086272777,2928.44878191958,2891.32210264749,3022.65362747328,3320.3549760029,3623.32933678299,3734.99492723045
Gabon,10273.798444898,9348.51487640056,9250.08111462036,9255.36803467635,7090.45463394942,6722.19822269059,6975.69519191402,7694.90605067973,7523.86228077637
United Kingdom,42109.6418795749,42497.3404974322,43426.2981405143,47439.6165895125,44964.3911437292,40985.2351382417,40572.1214823783,43203.8141057739,42662.5353740311
Georgia,4021.75522955035,4421.930711904,4623.88471369397,4739.27691304547,4014.11165137641,4062.12697838612,4356.92801624893,4722.0424231414,4696.15058555612
Ghana,1501.05917129856,1536.61963499859,2282.40750113579,1942.92186873525,1711.27131722255,1900.39767444476,1998.72266581387,2180.02968425645,2167.92544000869
Gibraltar,,,,,,,,,
Guinea,644.502548659895,707.967678199003,757.692272561928,774.5690395852,756.425589810936,720.473255172646,843.464279230956,944.417268657317,1043.89988618266
"Gambia, The",705.47749534881,686.557557719746,647.385534561172,561.649634566263,611.67121911225,640.676265282984,632.001024153219,683.324632754874,722.875356284026
Guinea-Bissau,683.534475990489,598.572626248258,616.159928714289,605.122546466363,585.957012587988,642.666390086932,718.245737766542,781.644367625001,730.611432270196
Equatorial Guinea,18659.4160247571,18756.4250273225,17644.5943045414,16804.9249271976,9788.98380398528,8035.30766558427,8410.39798030589,8719.18686965483,7317.39002392662
Greece,25483.8825644931,21912.9982879517,21787.7877636035,21616.7100094908,18083.8779056547,17923.9668134716,18582.0893411631,19756.990456255,19143.8876174584
Grenada,6775.74927822931,6900.76507593244,7205.25476521885,7726.37826175954,8379.62184743156,8849.51353500776,9309.26129609568,9574.3102711372,9887.92074235834
Greenland,47186.8759969388,45936.9562817724,47535.4883792376,50485.2244135291,44536.3549705377,48181.7453541266,50765.7494665372,54545.135857765,53309.2035905065
Guatemala,3228.03827784076,3355.03477737406,3522.76742900978,3779.62620518889,3994.62908519019,4173.28134863663,4454.02450948165,4485.75213495073,4647.80754129437
Guam,30087.7155914011,31642.1462570316,32318.8908975541,33483.9414359299,34522.3779304433,35052.8079075238,35663.0250406273,35902.725903793,37752.633077142
Guyana,4960.00472639074,5461.39008471262,5576.25021487084,5495.37708403183,5668.42976474423,5905.38019563205,6220.97856820609,6094.90983678918,6477.29672607993
High income,41688.7348432025,41480.8641475896,41752.3619190175,42412.1297171059,39811.4801820307,40428.1793753079,42077.8430006954,44528.1687418121,44725.9950930598
"Hong Kong SAR, China",35142.4879344543,36730.796195815,38403.7777145477,40315.3739510191,42432.1619740441,43734.1980702999,46160.429791493,48537.5668888343,48359.0011950597
Honduras,2053.95969493403,2107.34542786596,2064.55053629483,2164.42455009318,2257.22528369354,2295.53627000423,2403.30608839303,2457.6860424186,2519.36618467309
Heavily indebted poor countries (HIPC),908.508026434671,914.728296438905,988.605140695814,1021.15644841509,963.318067757582,981.831642180149,1055.40420733235,977.237530453694,985.130486573086
Croatia,14655.8743881973,13439.6645555189,13979.1855602956,14001.1603438958,12098.5120254631,12579.9227031481,13592.2545240617,15040.0369182791,15120.9029026824
Haiti,1306.84531878112,1356.17277659459,1452.31354766386,1454.64917469599,1405.71478574216,1313.18609516709,1389.35862299149,1489.57840624271,1345.4750547884
Hungary,14234.471576937,12984.8365730133,13715.0703590361,14294.2584180751,12717.038597002,13104.6995457458,14621.2395956755,16425.2050299693,16786.2136399075
IBRD only,5320.92300111613,5596.07993262504,5839.26074048732,5971.5147423237,5536.38216278754,5523.36142053282,6043.46039749913,6373.9704621462,6460.50116507722
IDA & IBRD total,4325.48460465497,4533.25382791296,4727.35175927619,4836.8716569689,4486.33398919216,4463.08064447961,4847.68098188126,5084.85405170213,5140.64185490117
IDA total,1248.54936139276,1286.7765547365,1367.05147466674,1443.62287339611,1379.21060244512,1362.46198227562,1395.04993087921,1412.71194201611,1434.10009720301
IDA blend,1734.11239454885,1885.39859061995,2008.21295964126,2135.8406627848,1987.56753401958,1820.08119041884,1753.2708306151,1877.77672368693,1876.65480569221
Indonesia,3613.8008884858,3668.21208337097,3602.88551680629,3476.62485441547,3322.58167895444,3558.81885175737,3839.78507460491,3902.661675559,4151.22755440796
IDA only,1003.96998557722,984.998297134728,1043.98098224565,1095.15616800923,1073.5974351758,1133.38080946403,1216.33837094209,1181.35314134002,1214.58259193876
Isle of Man,77838.3969263195,79326.3829993587,83204.7471695074,91881.1283610971,84753.4567282435,82041.6210496551,83510.303746436,89425.8913885835,87152.4530176191
India,1449.60330101563,1434.01798721629,1438.05700508042,1559.86377870535,1590.17433135955,1714.27953740039,1957.96981329558,1974.3777314935,2050.1638002619
Not classified,,,,,,,,,
Ireland,52219.7057327581,48943.8206459561,51496.9616850661,55752.7649838131,62179.2642662951,62784.0656875694,70150.7370157965,79446.9391085469,80848.3019020489
"Iran, Islamic Rep.",8201.58167797698,8329.00206664876,6280.68186740814,5757.54333251596,4990.93679541655,5497.24323254699,5758.59072766807,3850.75125293224,3276.75326508099
Iraq,5736.89895897239,6437.50307624074,6612.90225210234,6215.98603314029,4416.94292408042,4305.20270154631,4725.19357334032,5601.46706102705,5621.18169491752
Iceland,47714.5922308485,45995.5478789467,49804.9829978371,54576.7448146565,52951.6815110898,61987.9263620283,72010.1490316258,74452.1890731447,68452.23622306
Israel,34354.7161182231,33156.2283157638,36941.8423573582,38259.6810956173,36206.5222171621,37690.4739511859,41114.7817082553,42406.8454263606,44452.2325623093
Italy,38649.6394836789,35051.5212697703,35560.0814062288,35565.7213771496,30242.3861352184,30960.7315088902,32406.7203150134,34622.1696664741,33673.7509627421
Jamaica,5259.93175297891,5365.24217204558,5143.72218263652,4991.56153152664,5077.5509836244,5022.70019182535,5273.14902681979,5594.49357290917,5626.17047314286
Jordan,4152.49398098582,4386.4618185538,4477.61832070861,4255.89430213385,4064.25301043642,4003.40474641177,4073.11640314668,4146.40731063215,4159.6537537759
Japan,48760.0789494211,49145.2804308193,40898.6478964744,38475.3952461838,34960.6393843385,39375.4731620781,38834.0529341227,39751.1330982711,40415.9567649547
Kazakhstan,11633.9985836418,12386.6992652963,13890.6339694612,12807.2630452048,10510.7703240885,7714.84184376024,9247.58067886159,9812.62543137393,9812.59552626324
Kenya,1099.31546497439,1289.78079149822,1376.82920465019,1489.91972057277,1496.65357260021,1562.07661862777,1675.98842173012,1845.7834137515,1970.08007048615
Kyrgyz Republic,1123.88314370665,1177.97526115747,1282.43824753314,1279.77078445418,1121.08269597662,1120.66705800127,1242.77022029305,1308.13978544561,1451.51563835807
Cambodia,880.310304428913,950.482544613835,1015.22088134268,1098.07453750531,1170.74281578643,1281.10597105412,1400.89926522987,1533.31598466079,1671.3854000919
Kiribati,1644.40755349869,1698.91912438014,1628.64259354319,1546.88176752726,1459.14398299206,1506.23100308107,1566.44713639955,1607.22982544435,1410.01464320535
St. Kitts and Nevis,17571.984460028,17293.8060527894,18315.914675326,19945.3151701577,20025.652352499,21079.520970707,22148.5124341669,22533.8820531551,23204.9705641255
"Korea, Rep.",25097.595426845,25459.1689000965,27179.5170146052,29252.9312377352,28737.4391706499,29280.4403170048,31600.7358741365,33447.1562836166,31902.4169048194
Kuwait,49010.3105001299,51271.0677569339,47762.7967032092,43239.8351779171,29315.1985079166,27026.6876602182,29258.2663270479,32012.1875249538,30666.2371314234
Latin America & Caribbean (excluding high income),9945.02468102074,9792.18895723066,9937.19652727501,9870.61765396447,8301.02679356578,7972.03218839112,8788.35026750045,8446.59232232899,8246.5166728875
Lao PDR,1363.72529042766,1566.00974499584,1815.44023786192,1984.5086701174,2125.45905698314,2309.0490761946,2439.4633552251,2553.36186646266,2598.50552320723
Lebanon,7914.1095681645,8500.1805629403,8255.20921055985,7665.37969186256,7802.75136769776,8172.29947599133,8679.89742212366,9225.84515486901,8925.42186017072
Liberia,573.526422156584,644.455576742833,717.635753333907,713.734882389203,699.662946853965,722.131226789418,706.892691974846,700.037039377706,665.878447568436
Libya,7784.13321371462,15765.4197906677,12589.5297148358,9408.75254634115,7867.5157311439,7945.00605015965,10529.1162687455,11838.2987072109,10542.4290201042
St. Lucia,9110.75181022028,9231.57625405725,9542.71357425779,10007.1445097875,10290.3715682224,10574.3865772889,11270.4747103578,11563.8304251364,11773.4274818992
Latin America & Caribbean,10306.4306556861,10311.907062618,10450.9409414168,10539.3744128198,8723.13545715196,8421.1480767647,9255.8059757905,8977.99255312428,8772.56219413791
Least developed countries: UN classification,937.58335831181,956.476889820784,1009.86147968941,1062.53117606359,1002.97034163501,1022.79276254968,1115.00297226396,1066.10618346362,1098.25615521298
Low income,822.329813582196,759.425948586411,755.011285634316,793.57205314092,774.247647363644,747.318624189088,804.873520475631,662.855806935501,686.222679079934
Liechtenstein,158603.608966707,149461.78557146,173659.411799089,179467.516166777,167809.269874833,165845.995200652,170875.682067431,175286.679024684,167259.160311816
Sri Lanka,3248.0402104632,3351.89247576451,3643.83244664348,3885.62361617465,3990.35311739446,4107.82977539914,4388.20190593728,4360.58473469252,4082.69404871533
Lower middle income,1912.06582563075,1982.96448285105,1991.8131752002,2062.51992003302,1979.55537109609,2037.7253258969,2159.48628984457,2179.9540622554,2238.51882000162
Low & middle income,4148.79923162517,4355.4822148809,4547.87982427936,4640.41499315618,4342.59521272138,4320.05019272912,4688.84021819147,4908.17192101564,4966.26046019449
Lesotho,1265.85794508512,1205.85998481002,1141.3609231718,1165.05065002416,1113.83683453612,994.239764062067,1062.4561920176,1162.97885412072,1061.22335618067
Late-demographic dividend,7525.55031818704,7991.47128109334,8544.80177486848,8812.62863347942,8213.98043073017,8182.34473545212,9022.30188954083,9840.39463120476,9979.38342083542
Lithuania,14376.9478643932,14367.709424872,15729.6524666512,16551.018202078,14263.9645773495,15008.3132445526,16885.4073948373,19186.359591641,19615.5491450175
Luxembourg,119025.057203467,112584.676270958,120000.140729859,123678.702143275,105462.012584423,106899.293549552,110193.213797228,116786.511654677,112726.439672814
Latvia,13338.9622350852,13847.3379393194,15007.4918561719,15742.3913381908,13786.4567953114,14331.7515885049,15695.1151541059,17865.0310947642,17883.3494113217
"Macao SAR, China",64528.3628232928,74111.6011863847,86853.4770469877,90873.6024865671,73220.6355551661,71919.054918813,78896.2747485132,84779.4536941057,82998.6361006441
St. Martin (French part),21344.5873046446,,,21920.0237806503,,,,,19691.6167115689
Morocco,3302.453125,3164.00463867188,3377.6435546875,3430.53442382813,3139.22827148438,3132.9521484375,3288.50268554688,3492.67260742188,3498.58276367188
Monaco,179369.268180394,165497.097810044,185055.517569114,195772.724261668,170338.680381498,174412.494536127,173611.687859934,193968.090133158,199382.838585354
Moldova,2941.36224066021,3044.8084324815,3321.04397795719,3289.16784588695,2749.91303825395,2847.63506882245,3454.95469039113,4156.95750022299,4404.95042249597
Madagascar,516.902539255093,504.173737710132,526.688019635403,517.136183122584,455.63803458407,464.61615837171,503.498058680237,512.543991506858,512.27966560241
Maldives,7409.33190310175,7447.41560461439,8222.55803576643,8872.128379429,9480.43151420101,9708.14134750478,10194.7461477043,11034.7235971635,11349.8592642235
Middle East & North Africa,8320.32301974344,8794.72980291862,8471.77558646281,8345.5669038835,7217.65162423909,7158.04976907986,7337.21354907065,7565.28163434021,7444.85563432703
Mexico,10766.6099388208,10842.7330888296,11317.4910611485,11490.0216901556,10098.1731805195,9152.73722334937,9693.33009125499,10130.3206984553,10434.5783651735
Marshall Islands,3238.88731570104,3445.31540332931,3611.69964168874,3672.68093377497,3703.64905889496,4153.11717602268,4507.622862229,4771.35920442167,5186.83384237084
Middle income,4478.61465383596,4716.81253147002,4933.77152428747,5036.88597556996,4715.50544348268,4698.95569942803,5107.25027858374,5372.26890802441,5442.66229375372
North Macedonia,5098.09470097215,4728.31307850676,5241.05360094583,5495.73138040533,4861.55615984223,5149.58676436907,5450.49706853299,6108.73917044261,6070.38805358275
Mali,810.182556036129,753.392137501905,778.797052798816,818.430341392215,723.504204947663,750.051809102295,795.682801553765,856.356596550603,840.175746366299
Malta,23155.103527089,22526.5370208632,24769.5962287121,26753.2733830814,24921.7141769982,25623.9416320597,28813.1853396512,31785.8848300917,31727.0070746362
Myanmar,1204.49647224228,1193.54764896001,1189.96476533347,1281.43871813127,1159.34020074533,1218.21703407842,1263.28526342903,1288.41808699092,1415.37967619462
Middle East & North Africa (excluding high income),4678.50403740504,4953.99147009035,4470.1399558356,4317.81330383344,3805.67993810676,3832.82048511992,3771.39883274438,3518.88605312826,3475.85842872456
Montenegro,7328.78943085498,6586.39970256684,7188.86361611271,7387.87296917548,6517.19267514764,7033.43962398373,7803.35824465203,8850.3749248372,8909.6538759126
Mongolia,3793.74365523458,4402.30452266711,4422.30087600131,4211.93943552954,3919.35121343969,3690.75677759847,3708.24822134669,4165.02282101895,4394.94715044543
Northern Mariana Islands,13880.4265041889,14247.7893007888,14806.0067892829,16044.4307312558,17665.1007493109,24054.9156122269,30751.6410731534,25862.7544529262,23687.2718520599
Mozambique,615.278659781153,681.49212857369,681.065114197441,690.443218144276,603.838513777915,435.760991009624,464.294721264472,510.379996498468,512.21576378384
Mauritania,1919.45227079679,1850.38496774479,1929.77563929612,1715.38883792802,1562.72683648828,1579.20071673512,1634.64215833074,1749.95423645373,1800.87518658218
Mauritius,9197.04299089459,9291.23627601053,9764.64413060045,10366.3550754936,9507.87133656424,9965.72531085228,10841.6847754844,11643.4605962124,11403.2527870674
Malawi,769.052599195882,563.061539677727,501.19717297875,534.126977149089,544.276872741836,454.443266065248,500.165547203323,537.932204050438,584.362867276266
Malaysia,10209.3719445027,10601.5104558966,10727.6690215542,11045.5801207599,9699.60046342736,9555.66959336559,9979.70447282371,11073.9789704691,11132.1027429418
North America,50289.0244037158,51881.1708863839,53234.150098465,54714.4709286191,55452.4213839576,56312.4348848537,58423.8858786865,61174.7773442449,63203.3738891388
Namibia,5873.05938103204,6017.17836541483,5463.03136620996,5544.10406844675,4965.67276506551,4614.89207493896,5453.57062341501,5687.38104280011,5126.17614281673
New Caledonia,40697.6528593173,37294.0228471229,38503.2540609118,39675.5664792121,32428.5722348241,32286.9104984753,33876.3290941463,36495.1959423457,34934.5794300065
Niger,507.602495302453,525.047284914011,548.157848842165,560.754475169279,481.111301105002,497.036120831726,514.543398015622,568.599659746618,549.81612778082
Nigeria,2504.87910104512,2728.02278831129,2976.75683168398,3200.95279935925,2679.5542234874,2144.78034442697,1941.87947889475,2125.83449073877,2334.02364318105
Nicaragua,1644.80148124531,1746.42125435257,1794.78918809148,1913.52134831663,2025.32143224265,2079.45102735861,2127.28281786358,1981.85836665362,1905.63832831484
Netherlands,54230.3129029852,50070.1416045904,52198.8975607454,52900.537415323,45193.4032187971,46039.1059284098,48675.2223350213,53044.5324352253,52476.2732533327
Norway,101221.813476644,102175.919298374,103553.840134417,97666.6951838749,74809.9658049898,70867.3609970749,76131.8384032764,82792.8427113304,76430.5889473338
Nepal,791.225576719446,794.092559357612,809.384457749825,827.74470490585,882.307663444541,880.224893639824,1027.96547447264,1161.5343496373,1185.68231817311
Nauru,6328.10267224703,9675.95968504209,8825.97858075408,9063.00223035953,7587.25441038889,8528.63015087044,9361.03739658919,10985.8743965037,10316.5278229326
New Zealand,38387.6270784076,39973.3807587223,42976.6495882584,44572.8987536626,38630.7265886928,40058.1961621466,42910.9728362488,43236.8866923404,42796.4305818389
OECD members,37547.3529335268,37285.5840179767,37546.4785013602,38068.4952667378,35666.4567387794,36115.1930669069,37476.546622471,39416.2426110161,39583.2257001018
Oman,24166.0963053624,24722.6388245874,23563.9405992228,23121.2063768559,18777.4330589162,17082.2061998982,17802.5751178049,19887.5743113149,19132.1522739094
Other small states,14660.1358375011,14987.3072565544,15303.8429454188,15445.7156803132,12502.8728769793,12088.9097712616,12902.1701956534,14076.2635058753,13574.6077874429
Pakistan,1161.04432084751,1236.89276298823,1259.66836828623,1303.18536985282,1421.83527830089,1468.82208238833,1567.6406123353,1620.74259148331,1437.1658330724
Panama,9403.43990821634,10767.2931788172,11932.2862205866,12837.2479584282,13669.5594424097,14382.2323819969,15185.9724813803,16156.0742859681,16472.8317470488
Peru,5826.83230656078,6475.72044267849,6697.18774707052,6614.83081997934,6180.11926810233,6163.86042474328,6676.30879274916,6912.10398761205,6955.88082448096
Philippines,2431.19996066282,2671.77752181561,2847.56794274704,2935.92859830401,2974.29691673713,3038.15203684461,3077.43441889625,3194.67270132209,3413.84904430419
Palau,10795.5646929825,11835.3839295665,12418.8261724235,13580.0067430883,15761.3633809149,16743.376740009,16011.6611537815,16152.3892325347,15738.4670127261
Papua New Guinea,2303.8266113635,2653.09278970276,2578.49864720758,2742.25004998231,2502.07344498028,2332.67588834678,2495.14077312932,2584.32780208122,2593.77555393227
Poland,13776.3883624327,13010.7555868425,13558.3411314221,14181.9486817352,12560.051419682,12378.8117641782,13815.4999463758,15504.5089370714,15700.0135796738
Pre-demographic dividend,1626.63285674064,1715.30266236896,1820.01634433481,1877.25470661257,1563.46933235924,1388.67825973899,1438.13131092546,1452.89996730644,1489.89883027873
Puerto Rico,27278.8830499205,27944.7338937424,28513.1657351067,28981.4573305866,29763.4883013861,30627.1634017011,31108.7527508912,31615.0667918433,32916.866800639
"Korea, Dem. People's Rep.",,,,,,,,,
Portugal,23217.2954965207,20563.7136012629,21653.1959752225,22103.7009703321,19250.1065376852,19991.9724878805,21490.429863104,23562.5545228191,23330.817288932
Paraguay,5776.2818479967,5617.10491786787,6410.81470278733,6629.41699277341,5861.40189546648,5759.04219789251,6136.0583014952,6242.96145417898,5807.83879407975
West Bank and Gaza,2880.79843707909,3067.43872735614,3315.29753909282,3352.11259506043,3272.15432360708,3527.61382413178,3620.36048715937,3562.33094270256,3656.85827137011
Pacific island small states,3324.39545656406,3484.17405576986,3582.87827915284,3851.25133939411,3723.87511414044,3866.86186006748,4128.66101841916,4288.22621835563,4222.88212863928
Post-demographic dividend,42530.7837380014,42291.0784976285,42523.7433817556,43170.2952375523,40636.3472020662,41363.385868283,42968.2895266901,45382.7639530052,45700.0608043909
French Polynesia,21747.9888416729,19864.5356998373,20941.5173404574,21223.0754876891,18252.5142032094,18726.6394704764,19743.9590211525,20614.8943681731,20093.2085805567
Qatar,92992.9971307452,98041.3622380894,97630.8255152088,93126.1494633822,66984.9102002396,58467.2355711087,59407.6980498883,66264.081168209,62827.3969543275
Romania,9560.15942530942,8930.72991164974,9497.20647561211,10031.3421526698,8976.9544892648,9404.38125929526,10727.9708633184,12494.4235789649,12957.9991142218
Russian Federation,14311.064453125,15420.859375,15974.6220703125,14095.646484375,9313.021484375,8704.89453125,10720.33203125,11287.3544921875,11536.2587890625
Rwanda,650.991484187704,706.202003531135,704.485625539362,724.792350347061,733.887472832132,728.869618913457,756.547641107379,768.943661203909,806.100820273159
South Asia,1361.48306716102,1362.3317737149,1380.00341254718,1490.71774949595,1539.4706005076,1675.43875197015,1887.89056136563,1920.14005541373,1965.09423623942
Saudi Arabia,22441.571143891,24069.2033148131,23945.5123106892,23862.8011860096,20442.3660631613,19930.407543816,20910.4829617971,24175.5833140113,23405.7060995766
Sudan,1982.81616210938,1797.40087890625,1834.56103515625,2076.0009765625,2226.40942382813,2614.29443359375,3188.76928710938,769.869140625,748.010925292969
Senegal,1383.53911649626,1334.72591526235,1391.5321896037,1417.094987474,1238.12639978389,1290.74997126951,1385.1992136057,1484.22707035644,1462.67835252138
Singapore,53891.4570264372,55547.5553077786,56967.4257940383,57564.8023114977,55645.6068614606,56895.6583127851,61164.8973569773,66836.521995236,66070.4868123062
Solomon Islands,1921.35635220457,2087.51788731499,2208.0852835112,2235.7337028278,2134.80541826155,2196.28389055503,2283.57905127379,2450.4828877801,2398.77305007963
Sierra Leone,443.451842171273,558.179723315125,706.452681507398,702.338587730146,581.293411814954,515.447839602837,484.456128767591,519.649963861622,506.606913779078
El Salvador,3304.97418347889,3471.05126865498,3555.16209958481,3638.51765819162,3761.51368000275,3870.31298246063,3986.04901435439,4145.86235103186,4280.28840404719
San Marino,55815.2852611454,48433.5702995685,50435.3673298211,50133.6065243359,42281.8112549264,43398.4285257227,44885.517837773,48464.5246477919,47287.3983948633
Somalia,,,454.077264239123,491.189804120376,507.482915466996,517.09758150565,555.185123613189,537.15929021041,589.465891901577
Serbia,6809.15980400146,6015.94522756969,6755.07367461629,6600.05621129155,5588.9794435877,5765.20335248009,6292.5465490011,7252.40366767165,7417.20660836868
Sub-Saharan Africa (excluding high income),1827.41181828894,1847.05104447357,1904.81902023681,1936.09169028439,1685.87762138125,1525.6890557515,1609.80618677888,1628.7465208518,1629.98722074952
South Sudan,1455.35840718862,1114.92372260191,1659.14078728478,1245.14931107226,1071.77776475545,,,,
Sub-Saharan Africa,1828.40597200384,1848.04774820992,1906.02683366202,1937.32519909579,1687.10091516037,1526.95769331624,1611.0990750748,1630.05597191173,1631.31214101577
Small states,13029.2633846469,13391.8281310951,13668.0873540821,13841.6816408484,11588.2234057817,11169.7393118569,11864.8222319502,12823.5400176657,12448.873754335
Sao Tome and Principe,1217.21206404444,1207.70070239994,1378.23019340903,1484.17010509944,1292.73305546523,1428.25790783907,1547.82270967205,1815.60549545058,1924.40814952173
Suriname,8009.25230244723,8922.95618613502,9124.54109297075,9199.17789329145,8907.83725830091,5705.39948731743,6112.88301430134,6730.83696146221,6690.04478601228
Slovak Republic,18509.7402157541,17498.3539002594,18276.0095516546,18719.9881409371,16390.8821748507,16563.4404971229,17585.197002257,19486.3936845505,19381.8905468746
Slovenia,25128.0150431304,22641.805122503,23503.2824850255,24247.1733184083,20890.1664304173,21678.3594670629,23514.0254604147,26123.7471277911,26042.4463468032
Sweden,60755.7595508465,58037.8213192173,61126.9431963979,60020.3604576572,51545.4836095322,51965.1571531985,53791.5087298403,54589.0603860606,51939.4297445291
Eswatini,4360.95996745324,4396.57912043588,4111.12838248065,3928.5227551684,3583.31129031343,3339.99040122187,3824.04678338499,4021.4455564534,3818.54048403065
Sint Maarten (Dutch part),27997.2898302635,28460.3326151186,27942.8805401415,36136.699503894,36519.9925867513,35703.0999494536,33351.7065470628,30791.0610758219,33836.7733501056
Seychelles,12113.881722186,12342.5102824514,14729.6266228185,15188.1746751096,14894.4857827096,15409.8046337211,15961.2436308497,16411.9211174277,16851.1197648771
Syrian Arab Republic,2971.2824553193,1910.60453942683,993.739882507097,1071.23420385272,857.497867137736,664.341672388301,862.319063332871,1111.87209187084,1124.52055370091
Turks and Caicos Islands,23649.7144340602,22666.4069075154,22451.5687325118,24040.8746605688,25783.2941047676,26995.0321602259,25659.1958638691,26831.9714609396,27795.1485608171
Chad,988.194160047305,969.616142771586,980.083544373007,1017.78776208855,774.411603124119,691.980077427731,662.897472963315,720.265101427085,701.621201027424
East Asia & Pacific (IDA & IBRD countries),4919.0387417119,5437.5488437164,5948.3195380373,6363.06807096175,6572.91516798637,6666.24826218499,7231.04313773664,8033.19132537236,8262.81155944634
Europe & Central Asia (IDA & IBRD countries),10026.1688630399,10423.4725733446,10974.0841747303,10318.1638400563,8020.64599297702,7670.48288897069,8565.50796082823,8897.54080256115,9039.80027971004
Togo,803.482396552842,781.554340476871,847.387500434413,877.192472988119,770.143379256632,792.440550873266,813.395006476051,873.554887235302,848.304534594506
Thailand,5396.64358573682,5748.63272062158,6041.13394794203,5822.37778295314,5708.79409105798,5854.4639077194,6436.78965986703,7124.55881041403,7628.57603307351
Tajikistan,837.881495181805,959.36021750698,1038.32071676208,1094.43012404185,970.362599665447,801.39383995978,844.36524984854,850.666958175637,889.023371804416
Turkmenistan,5453.15500459414,6441.88661774322,7049.79750519535,7685.50985852327,6208.2966545016,6163.25340597611,6354.53282979422,6721.34954037245,7344.88020350303
Latin America & the Caribbean (IDA & IBRD countries),10246.0299567148,10241.575134544,10377.0116163915,10460.2145883457,8577.4877659067,8258.06618377099,9106.59887343947,8817.70110856844,8593.06130776569
Timor-Leste,936.708967668665,1020.11029502248,1201.60250698417,1221.72396039938,1322.9290943123,1349.54677672507,1285.5239757568,1241.16448533695,1583.07860279061
Middle East & North Africa (IDA & IBRD countries),4698.68537444943,4975.30664077667,4483.24551279585,4328.80741394859,3811.77355416046,3836.32168892036,3773.13676850294,3518.38198932368,3473.74136809808
Tonga,3852.14446192581,4378.57152827537,4208.18789083239,4125.42545363426,4117.93104694205,3978.43768561484,4367.25660339844,4649.61330094975,4878.97868604087
South Asia (IDA & IBRD),1361.48306716102,1362.3317737149,1380.00341254717,1490.71774949595,1539.4706005076,1675.43875197015,1887.89056136563,1920.14005541373,1965.09423623942
Sub-Saharan Africa (IDA & IBRD countries),1828.40597200384,1848.04774820992,1906.02683366202,1937.32519909579,1687.10091516038,1526.95769331624,1611.0990750748,1630.05597191173,1631.31214101577
Trinidad and Tobago,17910.319154168,19110.0538950806,19927.4039046998,20473.404028045,18508.770502876,16139.105257595,16258.7489291438,16328.1268925695,15642.4067190576
Tunisia,4361.94912218432,4233.9162540494,4308.33830494463,4398.63869540854,3960.92484913663,3796.1095999439,3569.71883883673,3577.17534204669,3477.83618091653
Turkiye,11300.7852215681,11713.2849831139,12578.1878632,12165.220135038,11049.9951100942,10970.0458948862,10695.550196231,9568.83618958168,9215.44087472889
Tuvalu,3663.26705522426,3624.98428896036,3536.90150504438,3556.37972786582,3384.38320147639,3836.07300251003,4181.43658600984,4419.25999771152,4940.05098268449
Tanzania,768.933410644531,854.540466308594,954.658813476563,1013.42877197266,929.7998046875,942.889038085938,975.904663085938,1011.60015869141,1050.93176269531
Uganda,837.095884208132,796.711139410077,819.757867338416,897.50972863557,864.180059289672,753.684405508036,766.177604015442,793.128082237434,823.024732902811
Ukraine,3704.84228515625,4004.78979492188,4187.73974609375,3104.65380859375,2124.66259765625,2187.7275390625,2638.32543945313,3096.5625,3661.45776367188
Upper middle income,7182.16017524976,7617.69542237881,8078.03798065752,8239.68433528291,7683.61110791406,7607.59673123082,8352.32602595892,8912.56758144997,9023.20299187992
Uruguay,14975.5628186737,16087.2520777973,18140.8922133059,18131.5788465661,16950.7531694816,16837.9403803049,18995.3970195554,19026.0498173005,18098.361548609
United States,50065.9665041742,51784.4185738837,53291.1276891406,55123.8497869046,56762.7294515989,57866.7449341091,59907.754260885,62823.309438197,65120.3946628653
Uzbekistan,2051.12951516418,2267.62327535512,2419.71874376446,2628.46005444002,2753.97105782901,2704.67718852896,1916.76462520814,1604.25864156544,1795.20176845657
St. Vincent and the Grenadines,6566.482713176,6754.37018395671,7117.55476276649,7210.60311284047,7386.74663845115,7684.79283998852,7996.63698412147,8399.70773102107,8680.25110238522
"Venezuela, RB",10877.1123638816,12937.9275972349,12433.9807853398,15975.7293753361,,,,,
British Virgin Islands,,,,,,,,,
Virgin Islands (U.S.),38997.1373164651,37795.3192590675,34597.9766940328,33045.3643795999,34007.3529411765,35324.9748874586,35365.0693039774,36663.2087550584,38633.5298915336
Viet Nam,1953.55714968747,2190.2324398772,2367.49933068934,2558.77875834959,2595.23484372958,2760.71710111715,2992.07153198845,3267.22506911927,3491.09140990663
Vanuatu,3064.75120066071,2906.34246130818,2877.44452801285,2861.20315425441,2643.8868859095,2757.20330593386,3032.19702965604,3076.8353148388,3076.58988588361
World,10485.4941756506,10587.9371388227,10749.9606700589,10911.1271233098,10168.1245411934,10215.5854364363,10754.9297534287,11297.4524007076,11338.1503188025
Samoa,3789.62699537622,3902.31199231566,3989.89859047662,3948.72802229336,4048.46711296568,4105.8109051951,4261.64034322214,4189.05219052051,4308.3007294066
Kosovo,3540.82278614169,3410.69325464808,3704.5628029766,3902.53084084218,3520.78207462478,3759.47285515454,4009.3538108854,4384.18868045931,4416.02925267842
"Yemen, Rep.",1284.61763539287,1349.99060989449,1497.7479410273,1557.60140563182,1488.41626930017,1069.81699814078,893.716493735327,701.714868602042,693.816504026198
South Africa,8737.04126942435,8173.8691381716,7441.23085399675,6965.1378973693,6204.92990145846,5735.06678717842,6734.47515314548,7067.72416484458,6702.52661666304
Zambia,1644.45683054452,1729.64747097057,1840.32055335789,1724.57621968232,1307.90964916032,1249.92314348406,1495.75213841021,1475.19988338535,1268.12094056241
Zimbabwe,1082.61577325282,1290.19395746702,1408.36781031236,1407.03429109916,1410.32917348908,1421.78779140568,1192.10701198862,2269.17701232332,1421.86859613585
